epoch,accuracy,loss,val_accuracy,val_loss
1,0.5055999755859375,0.7016426920890808,0.15299999713897705,0.6970144510269165
2,0.49900001287460327,0.7015897035598755,0.1509999930858612,0.7202595472335815
3,0.4848000109195709,0.7027243375778198,0.1509999930858612,0.7064040303230286
