epoch,accuracy,loss,val_accuracy,val_loss
1,0.843999981880188,0.41033822298049927,0.8849999904632568,0.3068164885044098
2,0.8862000107765198,0.32285648584365845,0.8920000195503235,0.28838226199150085
3,0.8895999789237976,0.3069173991680145,0.8970000147819519,0.28101155161857605
