epoch,accuracy,loss,val_accuracy,val_loss
1,0.6704000234603882,0.620553195476532,0.8389999866485596,0.4660991132259369
2,0.7429999709129333,0.5454703569412231,0.8479999899864197,0.44307756423950195
3,0.7621999979019165,0.5169219970703125,0.8550000190734863,0.4259624183177948
4,0.7767999768257141,0.5068267583847046,0.8539999723434448,0.4208987355232239
5,0.7838000059127808,0.49498310685157776,0.8600000143051147,0.41181233525276184
